URL,Processed_Text
https://www.bbc.com/news/videos/cwyvx9zeq04o,russia held annual victory day parade marking soviet union victory nazi germany vladimir putin joined china xi jinping commemoration russia saying world leader attending th anniversary event security tightened day ukrainian strike targeting capital city threeday ceasefire announced russia coincide parade ukraine rejected farce say russia launched thousand attack since truce came force russia denies accused kyiv hundred violation bbcs steve rosenberg report moscow red square cardinal joined newly appointed pope sistine chapel service began prayer becomes first american elected lead catholic church new pope robert prevost known pope leo xiv first american pontiff elected leader catholic church robert prevost becomes first american elected pope following twoday conclave vatican city speaking vatican balcony unveiled new pontiff paid tribute predecessor called unity black smoke emerges chimney vatican indicating new pope elected yet see moment previous pope elected conclave past lengthy wait black smoke emerged sistine chapel chimney around pm local time signal mean voting take place tomorrow new pope yet chosen world cup incentive russia end war say trump bbc news archive footage tell extraordinary story smoke signal confusion conclave week good weather paris hit hailstorm thunder saturday afternoon man expected germany next foreign minister reacts friedrich merz fell short parliamentary vote named chancellor resident applauded light came back spain capital huge power cut brought country standstill traffic light turning spain metro station plunged darkness portugal power outage caused havoc bbcs religion editor aleem maqbool explains difficult guess next pontiff hundred thousand mourner gather rome pay tribute late pontiff pope chosen buried simple coffin church santa maria maggiore pope laid rest church santa maria maggiore rome pontiff funeral held day died age copyright bbc right reserved bbc responsible content external site read approach external linking
https://www.bbc.com/news/articles/clyglw20lg2o,catholicism rarely prominent u politics trump administration openly embrace adviser official proudly say faith shaped politics jubilation american make america great right new pope week quickly dissipated key voice donald trump maga movement came disappointed conclusion first american pope appear america first little known political leaning pope leo xiv born robert francis prevost chicago voiced concern poor immigrant chosen name may reference liberal church leadership appears supported liberalleaning pope francis criticised u president policy social medium president far said leo election great honour u still trump prominent supporter quick attack pope leo lambasting possible challenge trump perception follow pope francis area like immigration mean kind jawdropping trump former chief strategist steve bannon told bbc friday speaking leo election shocking guy could selected pope twitter feed statement he american senior politician said bannon hardright trump loyalist practising catholic former altar boy predicted there definitely going friction leo trump pope brother john prevost told new york time think brother would voice disagreement president know he happy whats going immigration said know fact far hell go one guess wont sit back dont think hell silent one recent survey data show american identify catholic according nonpartisan pew research center identify lean towards republican party though there plenty nuance america two catholic president john f kennedy joe biden democrat nearly twothirds u catholic believe abortion legal circumstance departure church current stance u catholic also broadly supported pope francis surveyed february viewed favorably including majority catholic republican number catholic new pope home city chicago thursday aired disappointment president trump said hoped pope leo xiv would follow path predecessor hope hell continue franciss agenda going forward said rick stevens catholic deacon new jersey happened visiting chicago heard news u conference catholic bishop lead coordinate u catholic activity celebrated pope leo election message sends certainly rejoice son nation chosen cardinal recognise belongs catholic people good conference said statement word advocating peace unity missionary activity already indicate path forward though maga supporter represent small subset u catholic one outsized access conservative medium trump ear bannons war room podcast known hardright protrump bent one guest another heaped criticism new pope guy massively embraced liberal progressive said ben harnwell journalist led bannons effort establish call gladiator school judeochristian west outside rome one pope franciss dna harnwell said jack posobiec another maga commentator dialing rome blunt choice american cardinal done response message president trump full picture led pope leo selection thursday still emerging church decision dont map neatly onto u politics still watcher around world pored pope leo social medium profile search clue leaning belief x account name tweet going far back share link criticism trump approach immigration hint political view stricter gun control february account sharply rebuked u vicepresident posting link opinion piece titled jd vance wrong jesus doesnt ask u rank love others account also posted link letter pope francis clashed vance church doctrine immigration vance catholic convert given interview defence trump administration immigration policy vance routinely invoked faith defense administration particularly immigration policy white house said put america first christian concept love family love neighbour love community love fellow citizen prioritise rest world lot far left completely inverted vance told fox news u democrat spared either account decade post appear support catholic employer refuse pay contraceptive via employee health plan following u presidential election one post link article accusing democrat hillary clinton ignoring prolife catholic voter bbc asked vatican confirm account leo receive response vicepresident vance told conservative broadcaster hugh hewitt friday try play politicisation pope game im sure he going say lot thing love im sure hell say thing disagree ill continue pray church despite thatll way handle new pope lgbtq view also unclear group including conservative college cardinal believe may less supportive pope francis matt walsh commentator conservative daily wire wrote good sign bad sign new pope want see actually papacy pas kind judgment dedicated maga supporter already made mind laura loomer farright influencer trump ear swaying president top personnel decision called new pope antitrump antimaga proopen border total marxist like pope francis bannon suggested leo dark horse papacy predicted tension white house vatican said could even tear apart american catholic remember president trump shy taking shot pope francis said pope try come president trump implementation mass deportation programme would stand additional reporting cai pigliucci white house actively looking suspending legal right challenge detention consumer reacting shipping change mean lowvalue package entering u longer avoid tariff hollywood blockbuster world war z spiderman made closer home think newark mayor ra baraka among democratic official seeking enter facility arrest followed white house crackdown classified antisemitism u campus copyright bbc right reserved bbc responsible content external site read approach external linking
https://www.bbc.com/news/articles/c6293qgd46zo,massive increase price water one consequence week aerial attack red sea city port sudan seen relatively safe sudan devastating civil war port sudan reeling day bombardment rapid support force rsf paramilitary group six day drone attack smoke still rising three fuel depot targeted rescue team gathered around destroyed site struggling put fire conflict began struggle leader rsf army two year ago created one world worst humanitarian crisis forced million people home one fled port sudan yearold mutasim want second name published safety reason bbc spoke waited hour water vendor turn vital commodity become scarce explosion fuel depot left port sudan without diesel used power pump bring groundwater mutasim told bbc whereas day supply water cost sudanese pound week ago charged five time amount leaf seven member family without much water cooking cleaning bathing soon wont able afford said explaining get money buying selling basic good market water challenge port sudan daily life going back normal market shop open crowd car outside city petrol station people desperately wait fuel could take five hour get petrol said mutasim situation many sudanese faced city last week port sudan one place country considered protected worst civil war came two year ago omdurman mutasim said referring city sits side river nile capital khartoum cost family entire saving set new place forced leave home rsf relief come life starting go back normal thinking moving longer safe expensive go port sudan experiencing blackout past two week made worse latest attack auntie year old struggling heat humidity electricity fan night mutasim said cant sleep hawa mustafa teacher elgeneina darfur west country also sought refuge port sudan living four child shelter displaced people two year said week attack left living fear drone came u returned state war lack safety told bbc sound drone antiaircraft missile remind first day war elgeneina hawa life without husband unable leave home due deteriorating security situation responsible family dont know go thing get worse port sudan planning go one neighbouring country seems dream longer come true another person living city mariam atta told bbc life changed completely struggling cope said fear constant since sudan civil war started humanitarian agency depended port sudan gateway bring aid port country functional international airport used organisation un world food programme deliver food assistance port sudan main humanitarian hub say leni kinzli wfp spokesperson sudan march almost metric tonne food distributed would say definitely half came port sudan told bbc wfp said currently famine region country risk many aid agency concerned attack could block flow aid making humanitarian situation even worse think going severely constrain delivery lifesaving food medical supply risk deterioration already critical situation shashwat saraf country director norwegian refugee council told bbc added agency look route country challenging night city quiet attack people would gather coast would watch football local cafe electricity blackout left city dark resident choosing stay home security reason go bbcafricacom news african continent follow u twitter bbcafrica facebook bbc africa instagram bbcafrica doctor transported lagos first ever episode set primarily african country report say first set white south african could arrive u next week selection week best photo across african continent beyond head liberia doctor association provided proof medical degree regulatory body say u scrap worth malaria hiv tb drug donation saying stolen copyright bbc right reserved bbc responsible content external site read approach external linking
https://www.bbc.com/news/articles/cx2jnl79mejo,u president donald trump appointed fox news host former new york prosecutor jeanine pirro interim u attorney washington dc announcement come trump withdrew first pick job lost key republican support senate vote position trump loss joe biden pirro made false statement election part lawsuit fox news company make voting machine case settled trump called pirro powerful crusader victim crime social medium post announcing selection meanwhile critic described unqualified president indicate whether pirro would serve job permanently requires senate confirmation long term would last truth social post thursday night trump noted previously served republican district attorney westchester new york well judge also touted role various show fox news including five called one highest rated show television pirro close ally trump decade one last action first term issued pardon husband convicted tax evasion decade earlier democrat quick criticise appointment pirro second fox news host receive highprofile federal job secretary defence pete hegseth raising question credential role career outside broadcasting fox news host get next federal appointment jimmy gomez democrat representative california wrote x democratic national committee wrote statement jeanine pirro yet another unqualified tv personality history putting trump violent insurrectionist rule law republican like south carolina republican senator lindsey graham celebrated news social medium called pirro grand slam home run choice exactly right person right time take responsibility graham said x pirro replaces current interim u attorney ed martin former conservative podcaster trump appointed january let go north carolina republican senator thom tillis key swing vote said would refuse confirm martin role permanent basis citing friction martin viewed involved january riot u capitol tillis told reporter week tolerance anybody entered building january martin staunch critic investigation capitol riot serving role interim basis fired prosecutor oversaw prosecution alleged convicted rioter trump said martin remain u justice department serve director weaponization working group look official investigated trump president said another post social medium since taking office trump issued pardon ended prosecution january rioter stormed u capitol effort block bidens election win trump election white house actively looking suspending legal right challenge detention consumer reacting shipping change mean lowvalue package entering u longer avoid tariff hollywood blockbuster world war z spiderman made closer home think pope leo xiv expressed support immigrant criticism jd vance donald trump supporter arent happy newark mayor ra baraka among democratic official seeking enter facility copyright bbc right reserved bbc responsible content external site read approach external linking
https://www.bbc.com/news/live/cdxkl8wwgljt,leader ukraine urge ceasefire bbc news keir starmer emmanuel macron donald tusk friedrich merz holding talk ukraine volodymyr zelensky effort secure ceasefire russiaukraine war visit drenched symbolism writes chief political correspondent travelling uk prime minister talk come day russia held annual ww victory parade moscow saturday mark last day vladimir putin selfdeclared threeday ceasefire ukraine report russian drone attack continue adding yearold woman killed country northern sumy region letup fighting front line bbcs frank gardner writes macron starmer arrive kyiv edited neha gohil germany chancellor friedrich merz say keep increasing pressure russia war machine unless russia agrees permanent ceasefire series tweet say leader france germany poland uk stand together kyiv show support ukraine bloodshed must end say bring latest image kyiv reminder meeting european leader currently way try secure ceasefire russiaukraine war britain prime minister keir starmer walk french president emanuel macron kyiv ahead meeting leader laid candle memorial died war leader urging russia agree full unconditional day ceasefire henry zeffman chief political correspondent travelling pm keir starmer fellow european leader kyiv large part response parade president putin held moscow yesterday joined around world leader including xi jinping china within hour stepping sleeper train keir starmer joined president macron german chancellor friedrich merz poland prime minister donald tusk president zelensky first lady olena zelenska maidan square central kyiv long symbol ukrainian independence solemn ceremony laid candle memorial ukraine war dead whats clear speaking senior uk government source day weighing heavily mind end week britain commemorated year since end war europe starmer ukraine see war europe vitaliy shevchenko russia editor bbc monitoring victory day ceasefire declared vladimir putin enters third final day russian attack reported ukraine northern sumy region yearold woman killed three others injured residential home building destroyed damaged ukrainian police say kostyantynivka eastern donetsk region one person injured two apartment block caught fire russian attack rescuer arrived scene targeted repeat double tap strike ukrainian state emergency service dsns say southern city kherson yearold local resident sought medical help attacked russian drone carrying explosive regional administration say meeting european leader kyiv today come uk prime minister keir starmer announced new sanction putin socalled shadow fleet yesterday term refers group russian oil tanker used get around current sanction oil gas export response zelensky said tweet friday grateful uk powerful new sanction package every step limit kremlin ability fund war brings peace closer uk demonstrating leadership approach said here photo leader meeting mariyinsky palace official residence ukrainian president volodymyr zelensky expected speak press later well bring key development soon happens kremlin press secretary dmitry peskov say ukraine ally must stop sending weapon ukraine ceasefire happen speaking abc news external peskov say arm delivery continue advantage ukraine country continue total mobilisation bring troop front line also say ukraine ready immediate negotiation putin trying achieve settlement peaceful diplomatic mean donald tusk keir starmer ukraine first lady olena zelenska volodymyr zelensky emmanuel macron friedrich mertz gather kyivs independence square seeing image leader uk france germany poland alongside ukraine volodymyr zelensky theyve paying respect victim war memorial kyivs independence square joint statement leader say ready support peace talk three thing learned putin red square parade ukraine european ally meet kyiv russia week hosting leader around world country victory day commemoration russia said world leader attended yesterday parade red square presence china xi jinping stood really stood russian state tv spoke relation two country highestever level united collective west putin xi held two round talk parade well informal chat war ukraine chinese report said brazil luiz incio lula da silva venezuelan president nicolas maduro serbian president aleksander vucic also event slovakian prime minister robert fico leader eu member country travel moscow first thought ukrainian say emmanuel macron arrives kyiv post x french president praise ukrainian fighting country europe say faced russian aggression response must collective making trip germany poland uk also share three key message first peace say lasting peace begin complete unconditional ceasefire second peace agreement built must guarantee security finally future macron add fee strong prosperous european ukraine vision history watching u concludes poland prime minister donald tusk arrived kyiv post x say kyiv important day awaits u independence square kyiv greeted ukraine president volodymyr zelensky frank gardner security correspondent ukraine donetsk region war continues today last day russia selfdeclared threeday ceasefire due end midnight tonight moscow time u embassy kyiv warning risk significant air strike day ahead pause near nightly bombardment ukrainian city russian drone missile letup fighting front line britain france germany poland urging russia agree u proposal day ceasefire kremlin spokesman dmitri peskov said russia first need western nation stop arming ukraine something would leave embattled nation vulnerable russian advance town village war continues joint statement released arrival keir starmer emmanuel macron friedrich mertz donald tusk said stand kyiv solidarity ukraine statement add calling full unconditional day ceasefire first proposed u march say enable talk take place lasting peace ready support peace talk soon possible discus technical implementation ceasefire prepare full peace deal leader say adding ratchet pressure russia agrees enduring ceasefire later day scheduled host virtual meeting leader provide update progress towards called international reassurance force number say could regenerate ukraine armed force possible peace deal ed habershon bbc news british prime minister keir starmer arrived kyiv along french president emmanuel macron german chancellor friedrich merz three leader arrived train poland meeting polish prime minister donald tusk tusk expected join kyiv later today leader using visit urge russia agree full unconditional day ceasefire proposal initially made u president donald trump weve seen image world leader gathered rzeszw poland making trip kyiv post x poland prime minister donald tusk share insight meeting uk prime minister keir starmer german chancellor friedrich merz french president emmanuel macron today meeting ukraine ally highprofile gathering taken place week yesterday russian president vladimir putin hosted international leader including china xi jinping victory day celebration moscow event commemorate end world war two meanwhile uk prime minister keir starmer met nato ally norway reiterated uk support ukraine message leader clear focused ukraine said thats absolute focus ukraine defending value yesterday day remembering commemorating hardwon second world war henry zeffman chief political correspondent travelling pm prime minister travelling ukraine saturday alongside fellow world leader emphasise britain support country war russia keir starmer joined visit president macron france polish prime minister donald tusk friedrich merz making first visit ukraine since becoming germany chancellor tuesday starmers second visit ukraine prime minister leader decision travel kyiv together deliberately symbolic response leader joined president putin moscow russia victory day commemoration friday pm leader using visit urge russia agree full unconditional day ceasefire proposal initially made u president donald trump also vowed ratchet pressure russia war machine copyright bbc bbc responsible content external site read approach external linking
https://www.bbc.com/news/articles/c0qgz18glljo,donald trump administration actively looking suspending habeas corpus right person challenge detention court one u president top aide said stephen miller white house deputy chief staff told reporter friday u constitution allowed legal liberty suspended time rebellion invasion comment come judge sought challenge recent detention made trump administration effort combat illegal immigration well remove dissenting foreign student lot depends whether court right thing miller said several pending civil case trump administration deportation undocumented migrant based habeaus corpus recently federal judge ordered release turkish university student detained six week writing article critical israel last week another judge ordered columbia university student detained advocacy palestinian released petition habeas corpus ground however judge sided trump administration dispute miller described habeas corpus privilege said congress already passed law stripping judicial court jurisdiction immigration case legal expert questioned veracity interpretation u law one trump key campaign pledge deport million immigrant u administration pursued different mean expediting deportation since returning white house march federal judge order prevented trump administration invoking centuriesold wartime law justify deporting venezuelan despite flight going ahead deportation lagged behind detention one person deported erroneously cnn reported citing unnamed source trump personally involved discussion around suspending habeas corpus trump mentioned suspension habeas corpus said would take step combat injunction action deportation way mitigate there strong way said april there one way thats used three highly respected president hope dont go route habeas corpus literally mean body allows person brought judge legality detention decided judge legal right suspended four time u history american civil war abraham lincoln hawaii following japanese bombing pearl harbour philippine u ownership combat activity white supremacist ku klux klan group th century unclear trump attempt suspend habeaus corpus without approval congress consumer reacting shipping change mean lowvalue package entering u longer avoid tariff arrest followed white house crackdown classified antisemitism u campus economic pressure forcing donald trump xi jinping seek offramp trade war report say first set white south african could arrive u next week born windy city parent spanish francoitalian descent prevost served altar boy ordained copyright bbc right reserved bbc responsible content external site read approach external linking
https://www.bbc.com/news/articles/crk2mgjrp2no,diver died preliminary operation recover british tech tycoon mike lynchs superyacht water coast northern sicily local police said accident happened friday diver underwater porticello police said adding precise cause death still unknown according local italian medium diver yearold dutch national worked specialist salvage company come salvage ship arrived earlier month water small port porticello near palermo bayesian vessel sank freak weather last august seven people onboard bayesian last summer killed including mr lynch yearold daughter hannah morgan stanley international bank chairman jonathan bloomer wife judy u lawyer chris morvillo wife neda morvillo yacht chef recaldo thomas originally antigua also died sinking august fifteen people managed escape lifeboat including oneyearold mr lynchs wife angela bacares cause sinking still investigation naval expert saying yacht bayesians calibre able withstand storm certainly sunk rapidly salvage operation overseen british marine consultancy tmc marine led dutchbased company hebo maritime service company rotterdam smit salvage support italian specialist specialist personnel deployed sicily across europe work recovery operation thursday team said onsite preparation schedule significant progress made past five day analysis yacht surrounding seabed confirmed change condition since last inspection meaning plan raise vessel go ahead work move bayesian upright position lift surface scheduled begin later month subject suitable weather sea condition vessel transported port sea water pumped bayesian raised held position steel sling salvage worker detach vessel extensive rigging ft mast thought one tallest world stored seabed recovered team recovered ship hull investigator say primary source evidence pollution yacht reported condition monitored effort made secure tank vent opening inquest proceeding uk looking death mr lynch daughter mr mr bloomer british national mr lynch daughter said lived vicinity london bloomer lived sevenoaks kent tycoon founded software giant autonomy cleared june last year carrying massive fraud sale firm hewlettpackard hp boat trip celebration acquittal case u george laing say many people asking hunt bargain dream home overseas cardinal voting sistine chapel decide succeed pope francis secretive process get underway vatican find new leader catholic church cardinal set gather later week take part highly guarded vote new pope one famous vehicle refitted frontline clinic wheel following request late pontiff copyright bbc right reserved bbc responsible content external site read approach external linking
https://www.bbc.com/news/articles/c74qjjvzlgjo,uschina trade war could letting world two largest economy set begin talk switzerland top trade official side meet saturday first highlevel meeting since u president donald trump hit china tariff january beijing retaliated immediately tense standoff ensued two country heaped levy new u tariff chinese import stand u export china face duty week stern sometimes fiery rhetoric side sought paint desperate party yet weekend face negotiating table despite multiple round titfortat tariff side sending signal want break deadlock except wasnt clear would blink first neither side want appear backing said stephen olson senior visiting fellow singapore iseasyusof ishak institute former u trade negotiator talk taking place country judged move forward without appearing caved side still china foreign ministry spokesperson lin jian emphasised wednesday talk held request u commerce ministry framed favour washington saying answering call u business consumer trump administration however claim chinese official want business much economy collapsing said initiated well think ought go back study file trump said white house wednesday talk drew closer president struck diplomatic note play game made first call didnt make doesnt matter told reporter thursday matter happens room timing also key beijing xi visit moscow guest honour friday moscow victory day parade commemorate th anniversary world war two victory nazi germany xi stood alongside leader across global south reminder trump administration china option trade also presenting alternative global leader allows beijing project strength even head negotiating table trump insists tariff make america stronger beijing vowed fight till end fact levy hurting country factory output china taken hit according government data manufacturing activity april dipped lowest level since december survey news outlet caixin week showed service activity reached sevenmonth low bbc found chinese exporter reeling steep tariff stock piling warehouse even strike defiant note look market beyond u think china realises deal better deal say bert hofman professor east asian institute national university singapore theyve taken pragmatic view said ok well need get talk going major may day holiday china official beijing decided time right talk side uncertainty caused tariff led u economy contracting first time three year industry long depended chinesemade good especially worried los angeles toy company owner told bbc looking total implosion supply chain trump acknowledged u consumer feel sting american child may two doll instead doll said cabinet meeting month maybe two doll cost couple buck would normally trump approval rating also slid fear inflation possible recession american saying focusing much tariff country feeling pressure provide bit reassurance increasingly nervous market business domestic constituency mr olson say couple day meeting geneva serve purpose talk met optimism deal may take materialise talk mostly touching base mr hofman said adding could look like exchange position thing go well agenda set future talk negotiation whole expected take month much like happened trump first term nearly two year titfortat tariff u china signed phase one deal early suspend reduce levy even include thornier issue chinese government subsidy key industry timeline scrapping remaining tariff fact many stayed place joe bidens presidency trump latest tariff add older levy could emerge time phase one deal steroid mr olson said would go beyond earlier deal try address flashpoint many illegal fentanyl trade washington want china crack harder beijing relationship moscow far line expert warn systemic friction bedevil uschina trade relationship solved time soon mr olson add geneva produce anodyne statement frank dialogue desire keep talking white house actively looking suspending legal right challenge detention consumer reacting shipping change mean lowvalue package entering u longer avoid tariff pope leo xiv expressed support immigrant criticism jd vance donald trump supporter arent happy newark mayor ra baraka among democratic official seeking enter facility arrest followed white house crackdown classified antisemitism u campus copyright bbc right reserved bbc responsible content external site read approach external linking
https://www.bbc.com/news/articles/cp3nd0dwlpgo,tuft university student rumeysa ozturk released immigration detention facility louisiana hour federal judge ordered freed thank much little bit tired take time rest told reporter supporter crowded outside facility u district judge william session said student met condition needed release lambasted government case m otzurk doctoral student turkey coauthored opinion piece campus newspaper critical israel war arrest follows white house crackdown classified antisemitism u campus continued detention chill speech million country citizen judge said friday ordered release m ozturk walked detention facility six week custody greeted cheer hand heart detained since march u immigration official arrested street massachusetts video arrest showed masked plainclothes officer surrounding ramadan celebration handcuffing taking unmarked car detention sparked nationwide protest u department homeland security accused m ozturk engaging activity support hamas foreign terrorist organisation relish killing american judge ruling dhs spokesperson responded visa provided foreign student live study united state privilege right trump administration committed restoring rule law common sense immigration system continue fight arrest detention removal alien right country earlier week judge ordered m ozturk transferred may immigration authority vermont last held moved louisiana friday judge session said released immediately without travel restriction go vermont massachusetts tuft located needed heard number witness case including m ozturk doctor tuft university professor government call witness friday hearing testimony offered virtually m ozturk told court fulbright scholarship phd work said asthma worsened detention one point take short break suffering asthma attack camera judge session said m ozturk raised substantial claim first amendment right free speech due process right violated said evidence administration m ozturk oped literally case said according court reporter evidence engaged violence advocated violence statement american civil liberty union aclu representing m ozturk said delighted release rmeysa return beloved tuft community resume study begin teaching said noor zafar senior staff attorney aclu today ruling underscore vital first amendment principle one imprisoned government expressing belief spokesman tuft said university pleased judge ruling adding look forward welcoming back campus resume doctoral study trump administration detained several international student legal resident organised support palestinian last week judge ordered government release columbia university student mohsen mahdawi immigration official detained naturalisation interview yearold permanent resident raised refugee camp west bank held facility vermont one highest profile case thus far involves columbia graduate mahmoud khalil prominent propalestinian activist remains louisiana detention facility without charge white house actively looking suspending legal right challenge detention consumer reacting shipping change mean lowvalue package entering u longer avoid tariff hollywood blockbuster world war z spiderman made closer home think pope leo xiv expressed support immigrant criticism jd vance donald trump supporter arent happy newark mayor ra baraka among democratic official seeking enter facility copyright bbc right reserved bbc responsible content external site read approach external linking
https://www.bbc.com/news/articles/cd62y5peg8jo,jenny watt death key part life yearold spends two three night week chatting people whether familiar face stranger shes met first time everything connected death working grief ideal song funeral jenny run handful death cafs across glasgow community space aim encourage conversation discussion topic people like raise bbc scotland news attended one weekly gathering jenny belief help break taboo subject make person want spend time talking end life jenny estimate around half attendee group process grief way whether recent loss year ago way people called nursing religion ive always interested death explains going happen everybody might unique relationship grieving feel lonely experience start talking realise scary jenny first attended death caf online coronavirus pandemic note wasnt looking work traumatic bereavement simply interested subject facetoface meeting resumed could find local group offering discussion grief around glasgow taking plunge set meeting space around two andahalf year ago battlefield area glasgow panicking noone would turn however people sometimes occasionally others consistently tea slice cake discussing mortality life night bbc scotland visited jenny caf attendee mix regular first timer drawn meeting various reason well processing grief jenny belief another would people diagnosed serious condition caring someone remainder tends people simply interested topic whatever people want talk nothing limit say jenny people laugh theyll cry end think everyone learns something whether thats reflecting experience suddenly realising get power attorney sentiment shared nicola smith one regular attendee battlefield meeting came along one session day close friend died tear flowed letting emotion pour reason nicola keep attending intrinsic part life living yet dont talk told bbc scotland dont know deal dont enough talking lost dear relative child small first time daughter seen cry asked face wet time explain ok cry happens lose someone love weakness something hush nicola added believed topic become taboo among modern generation due growth hospice care since meaning decrease people dying home trend could explain growth death cafs first uk held london across uk scotland dozen ullapool kirkcudbright mostly clustered city like glasgow edinburgh discussion topic bounce around meeting practical advice will power attorney emotional reflection personal experience form part wider conversation loss care exemplified may demystifying death week aim help people support traumatic experience another visitor jenny group john mackay wrote phd death mourning process attending first death caf glasgow intention discussing subject there taboo death take lighter look say problem people dont talk see funeral culture loud expressive country reserved make sure dont say wrong thing wear right clothes would good loosen well others suggest greatest benefit caf simple provides perspective life spencer mason previously attempted end life currently coping endoflife care person close think discus death surely appreciative become life say circumstance ive become close death ive come wanting life ever copyright bbc right reserved bbc responsible content external site read approach external linking
https://www.bbc.com/news/articles/cx2q937wlqgo,south africa criticised u report emerge suggesting washington could receive white afrikaner refugee early next week document seen bbcs u partner cbs describes potential resettlement priority president donald trump government however timing publicly confirmed white house statement published friday south africa foreign ministry described purported move politically motivated designed undermine south africa constitutional democracy february trump described afrikaner victim racial discrimination executive order opening prospect resettle u south african authority said would block departure chosen resettlement said sought assurance u selected fully vetted pending criminal charge statement added allegation discrimination country white minority unfounded crime statistic indicate racial group targeted violent crime farm group representing right white farmer said deliberately killed race spokesperson u state department told bbc interviewing individual interested resettling u prioritising afrikaner south africa victim unjust racial discrimination confirm resettlement would begin trump administration also accused south africa seizing land white farmer without compensation something pretoria repeatedly denied elon musk top adviser trump administration grew south africa apartheid critical pretoria claiming leading genocide white farmer u official planned press event monday dulles airport virginia welcome group document seen cbs show according u medium afrikaner arrive part first group decision accept south african refugee come trump administration halted nearly migrant asylum claim february south africa criticised trump executive order opening u resettlement white afrikaner saying statement ironic u open accepting group remains amongst economically privileged denying vulnerable people part world asylum go bbcafricacom news african continent follow u twitter bbcafrica facebook bbc africa instagram bbcafrica white house actively looking suspending legal right challenge detention doctor transported lagos first ever episode set primarily african country city escaped worst civil war targeted series bombardment consumer reacting shipping change mean lowvalue package entering u longer avoid tariff pope leo xiv expressed support immigrant criticism jd vance donald trump supporter arent happy copyright bbc right reserved bbc responsible content external site read approach external linking
https://www.bbc.com/news/articles/cn8zldv8759o,daniel graham adam carruthers best mate illegally felled muchloved sycamore gap tree together end turning hard imagine friend daniel graham adam carruthers used phone every day met several time week stood dock newcastle crown court waiting verdict returned looked like complete stranger prosecution called odd couple everything together became friend four year ago carruthers mechanic graham good turn fixing dad land rover making special job could used graham father funeral graham ground worker enlisted man called best pal help job task including felling tree split cash one night storm agnes friend went sycamore gap cover darkness trekked across marshland wind mph used experience mark trunk cut wedge knew direction would fall cut chainsaw filmed watched sycamore crashing ground didnt realise phone vehicle used would tracked conversation would discovered police questioning began story unravelled friendship graham phone used film felling road cctv camera captured range rover going steel rigg nearest public car park tree told court car phone used people including adam carruthers didnt need ask prosecutor richard wright kc incredulous claim telling juror according graham didnt go night carruthers took car phone slept blissful ignorance large dog let much growl wasnt story mocked court carruthers phone traced northumberland day tree felled suggested scoping area told court taking partner threehour round trip meal metrocentre gateshead shed recently given birth baby started cry turned car around spot happened near tree christopher knox graham barrister said youre telling jury spite fact wasnt well enough lift baby going mile partner newborn mr wright asked carruthers didnt go dinner carlisle short drive home carruthers agreed restaurant cumbrian city best claimed home night fixing roof shed washing clothes since night court heard pair fallen spectacularly carruthers barrister andrew gurney said graham named former friend culprit needed scapegoat found dock graham reached desperately lifeline mr gurney said adding tried throw adam carruthers bus save skin graham initially told police knew cut tree would grass culprit young child subtle nod towards friend felt police still paying much attention enough carruthers showed officer picture friend holding owl standing next box chainsaw august month felling made anonymous call police name carruthers outright officer recognised graham voice immediately forced admit juror indeed made call men said friendship ended abruptly one night aftermath felling arrest graham drove carruthers home said go way mr knox said client accused stroppy giving evidence court engaging heated clash mr wright make sycamore gap tree murderer asked jury mean exactly said police interview he dropped juror clearly thought former emotion running high right end trial judge told expect significant period time custody graham led away dock angry exchange member public still dont know pair cut tree filmed prosecution said didnt matter together first last might fallen side side court united two thing forever share guilt destroying globallybeloved landmark much cowardice admit follow bbc north east x facebook bbc cumbria x facebook nextdoor instagram united utility say reservoir capacity compared time last year right reverend rob sanerhaigh say honour serve county love fertility control grey squirrel introduction predatory pine marten local community involvement part effort protect red specie charity working bid take facility run multimillionpound project jessica thorpe run slice jess channel get compensation unfair dismissal copyright bbc right reserved bbc responsible content external site read approach external linking
https://www.bbc.com/news/articles/c2e3dvjkdmxo,light camera tariff thats question scrambling movie industry asking week unexpected intervention u president donald trump writing truth social platform last sunday trump announced plan hit movie made foreign country tariff attempt stop hollywood dying fast death threat come studio increasingly shift production abroad place uk white house since clarified final decision made theyre exploring option revitalising u film industry trump suggestion alone sent shockwaves industry hollywood hertfordshire might mean practice star war force awakens shot disney pinewood studio buckinghamshire hollywood kept growing closer uk since last year alone british film institute say uk production spend came five major u film studio three u streaming giant netflix apple amazon amounted bn bn near jump hollywood contrast film television production los angeles dropped nearly past decade reason well largely cheaper make film uk thats thanks generous tax incentive film tax relief offer tax rebate well lower labour cost centralised national funding film british actor brian cox told time radio tuesday reality film go afford universal blockbuster jurassic world dominion incentive delivered reported saving u tax incentive operate state level hollywood relatively poor tax break compared uk offer state new york georgia fixing easy task trump appointed golden globe awardwinning actor jon voight special ambassador hollywood met day dropping lightondetail proposal exactly clear tariff would solve internal tax problem u possible solution raised voight federal tax incentive mirror uk wrap film reporter jeremy fuster tell bbc unlikely current highlycharged climate republican would support federal tax incentive easily portrayed handout woke hollywood would impact moviegoer levy go ahead fuster say cost like tariffed good would passed onto audience ticket price premium ondemand increase subscription rate exactly would take form something nobody know money boost u production could benefit part industry project still need shoot abroad amazon isnt going make next james bond entirely america fuster note culture minister sir chris bryant said uk government active discussion top u administration fluid situation mind know film made uk recent year bbc news looked might closer home think warner bros leavesden studio hertfordshire best known producing harry potter film used set numerous hollywood blockbuster including barbie mickey venom last dance beetlejuice beetlejuice nearby sky studio elstree borehamwood turned magical world oz welcomed first production wicked beyond hertfordshire city glasgow long used filming hub hollywood movie opening scene brad pitt zombie thriller world war z may look like philadelphia film actually shot george square scottish city november city transformed dystopian new york glen powell spotted filming forthcoming thriller running man dystopian film shot glasgow starspangled banner bunting vintage shop front decorated street glasgow city centre indiana jones dial destiny city used parade scene appears capture new york apollo astronaut return home latest indiana jones movie also shot northern england bamburgh castle northumberland used opening scene castle doubled wartorn nazi germany scene shot along north york moor railway line grosmont leaderfoot viaduct river tweed near melrose scottish border batman used glasgow cathedral necropolis bridge sigh create gotham city based new york speaking bbc choice filming location director matt reef said important film location beautiful gothic architecture wanted feel like gothic american city one youd never said went glasgow honestly beautiful film lead actor robert pattinson said look great gotham wouldve thought city world glasgow gotham central saint martin art school london also used building gotham city part liverpool keeneyed fan spot gotham city police department actually liver building clock tower although giant liver bird airbrushed spiderman spinoff morbius filmed manchester northern quarter city became brooklyn captain america first avenger starring chris evans liverpool early th century building also made popular standin new york older skyscraper liverpool transformed new york fantastic beast find see eddie redmayne search city escaped magical beast disney recent liveaction snow white movie almost entirely filmed uk pinewood studio used many indoor scene set quarry lake district beach pembrokshire wale nature reserve burnham also used shooting location well snow white netflixs new thriller havoc starring tom hardy set unnamed u city filmed wale film welsh director gareth evans said challenging recreate u city south wale wanted bring work area swansea brangwyn hall doubled exterior fictional city police station cardiff bute street turned u boulevard cm fake snow one havoc nighttime scene recent hollywood blockbuster seen majority filming known principal photography uk include jenny watt run handful death cafs across glasgow encouraging discussion topic london zoo employee spent almost three year digital recreation looked croydon east mp natasha iron say council approach shut voice heard first mayor london elected may mark year memorable image pioneering work henry peach robinson remembered leamington warwickshire copyright bbc right reserved bbc responsible content external site read approach external linking
https://www.bbc.com/news/articles/c8d1pngdjzmo,family israeli hostage taken gaza october attack expressed increasing concern fate loved one doubt grow many still alive one family said hostage risk every day continued held captive hamas israeli prime minister benjamin netanyahu said week uncertainty condition three hostage previously believed alive reacting u president donald trump statement tuesday taken hamasled attack still alive bbc spoke two family including brother hostage released hamas year israel security cabinet approved expanded offensive gaza netanyahu said minister decided forceful operation destroy hamas rescue hostage gaza million population moved protect one family told bbc hoped troop would used help aim freeing hostage reason liran bermans twin brother gali ziv held hamas month kidnapped home kibbutz kfar aza october people killed hamasled gunman day gali ziv among others taken hostage people killed gaza ensuing war according territory hamasrun health ministry israel cut delivery aid supply march resumed offensive two week later broke twomonth ceasefire saw israeli five thai hostage released exchange palestinian prisoner israeli jail following news israel plan expand military operation gaza using thousand troop unless hamas agreed new ceasefire released remaining hostage liran berman told bbc news hope israel sending force put pressure hamas sit hamas feeling threatened deal hope sending troop conquer revenge mr berman said yearold brother risk every single day know alive released hostage saw said believed gali ziv injured seized worried mental condition good long captivity release emaciated frail hostage february mr berman said worried brother condition need pressure hamas enablers day levy held hamas knowing whether wife einav survived october attack nova music festival taken didnt year threeyearold son almog without parent february weak painfully thin released hamas brother michael levy told bbc news worried impact hostage israel sent troop gaza im concerned affect hostage terrorist decide something said believe army know make sure hostage arent affected always concern said wanted pressure applied get released crime humanity everyone including president trump need order bring back said brother receive enough food held hostage hamas underground tunnel gaza didnt see sunlight said showered every two month brother worry fact rest hostage end dying captivity worst fear worst fear left behind people taken hostage october four captive held hamas around decade attack remain gaza israeli government publicly confirmed death leaving hostage uncertainty fate three kidnapped october attack apart one soldier hadar goldin killed combat gaza previous war living hostage men apart omri miran turned april whose body israel confirmed held gaza nearly men year old died three woman since spate release earlier year former hostage speaking medium others time captivity tal shoham released february day told un event last month many time received one pita bread entire day traumatised hunger collected crumb crumb eliya cohen also held day told israel channel week hamas gunman would make hostage take clothes would tell youre quite youre thin enough im thinking cutting food even ilana gritzewsky released another ceasefire november partner matan zangauker still hostage yearold told new york time march kidnapped home molested one kidnapper article say belief also sexually assaulted gaza came said found floor dilapidated building clearly gaza shirt baring breast pant pulled seven gunman standing ron krivoi sound engineer kidnapped nova music festival last month time israel quoted channel interview described tunnel inside small cage lie rest couldnt stand height toilet food five people action affect hundred palestinian pupil come israeli ban unrwa year restaurant gaza city rimal neighbourhood recently operating community kitchen director eurovision said participating ebu member publicly opposed israeli broadcaster kans participation senior official reject u president donald trump claim yemeni group capitulated agreeing ceasefire deal un also express alarm israel approves new plan may include seizing gaza indefinitely controlling aid copyright bbc right reserved bbc responsible content external site read approach external linking
https://www.bbc.com/news/articles/cq54d4w5131o,whatever maybe cleaning homework heard ooohooohoooooh adesoji kukoyi say mimicking iconic doctor theme tune dropped everything ran straight television child growing nigeria mr kukoyi infatuated scifi sensation doctor british show like allo allo fawlty tower aired regularly cultural hangover colonial era none captured mr kukoyis imagination like timetravelling doctor always spoke yearold mr kukoyi currently vintage doctor theme ringtone phone tell bbc like there somebody watching u yes make mistake best especially teacher lead u right path mr kukoyi watching doctor decade heard saturday episode first time set nigeria elated watching last week episode wife preview following week said welcome lagos nigeria screamed like little girl mr kukoyi say setting momentous mr kukoyi native nigeria biggest liveliest city lagos show saturday adventure first primarily set africa fitting producer chose nigeria milestone fan worldwide delighted nine lost doctor episode unearthed nigerian tv facility ariyon bakare upcoming episode play mysterious barber say fan expect timebending cultural ancestral collision hair lot hair preview also tease vibrant barber shop brimming lagos market towering monstrouslooking spider fan speculate creature anansi legendary character west african caribbean folktale scriptwriter inua ellams keeping specific wrap show enjoyed popularity nigeria say there something nigerian doctor nigerian sort loud gregarious people doctor mysterious boisterous sort overconfident somehow manages save day ellams moved nigeria uk child also considers year character known traverse universe barely spent time africa could writer felt confident enough produce authentic african story say might doctor need blend environment inconspicuous ncuti gatwa play doctor actor african descent mean tell new story doctor negotiate different space appearance brilliance show every doctor creates new opportunity tell new story different way ellams tell bbc fresh doctor story smaller reach old one show longer broadcast nigerian public tv country want catch doctor exploit would subscribe streaming service disney plus regardless mr kukoyi insists dedicated troop nigerian doctor lover sitting transfixed sofa saturday evening bearing witness tardis materialising lagos im waiting baited breath say finally coming mr kukoyi whose first experience doctor one played stripy scarfwearing tom baker say young daughter taken beloved show trying get onboard say perhaps seeing doctor wearing traditional nigerian clothing squeezing way quintessential lagos market getting caught local folklore help fall love show way father go bbcafricacom news african continent follow u twitter bbcafrica facebook bbc africa instagram bbcafrica daleks arrived refugee giving cultural barrier football boot city escaped worst civil war targeted series bombardment report say first set white south african could arrive u next week selection week best photo across african continent beyond head liberia doctor association provided proof medical degree regulatory body say copyright bbc right reserved bbc responsible content external site read approach external linking
https://www.bbc.com/news/live/cwy3jnl3nvwt,accusation fly pakistan india bbc news india say pakistan used missile target base hour pakistan accuses india firing three military airbases conflict intensifies india army accuses pakistan escalatory provocative pakistan army claim destroyed india defence system something delhi denies earlier week india struck target pakistan pakistanadministered kashmir response deadly militant attack indian tourist pahalgam last month islamabad denies involvement side accuse crossborder shelling missile drone attack since india launched military operation indianadministered kashmir seen decadeslong insurgency claimed thousand life india pakistan claim kashmir full edited matt spivey london pakistan prime minister shehbaz sharif say country military given befitting response india conflict intensifies today given india befitting response avenged blood innocent life say statement hearing pakistan information minister attaullah tarar say country force right respond india aggression pakistan provocateur tell bbc news channel pakistan right respond weve reporting house car damaged civilian area jammu indiaadministered kashmir following early morning attack local told bbc tarar denies targeting civilian population challenged say country targeted military installation earlier india accused pakistan using highspeed missile target base moving troop forward area escalation hostility divya arya reporting jammu indianadministered kashmir house damaged car window smashed rehadi colony jammu city following early morning attack local told bbc first time civilian area heart city targeted said rakesh gupta local resident heard loud sound plume smoke enveloped neighbourhood panic chaos pakistan targeting ordinary people people injured taken nearby hospital told chief minister omar abdullah came spot bbc team leave suddenly jet started flying overhead air raid siren sounded people asked clear uk continues monitor closely development pakistan india jane marriott british high commissioner pakistan say airspace closure currently place restriction may announced changed short notice said post x tension delhi islamabad escalated since friday night series drone strike reported side anbarasan ethirajan south asia regional editor reporting delhi rushing hotel bbc bureau morning taxi driver anxious know whether conflict break pakistan phone showed picture remnant projectile said landed close village close border india punjab province said sent brother who living village bbc cant independently verify photo seems people getting information family member living village town along border area delhi looked normal morning bus car auto rickshaw chugging along tea seller pavement report remnant projectile town sirsa far delhi clear fired came people realising skirmish reality something thats happening far away border pakistan others asked stay indoors several place border state there also lot misinformation fake news causing confusion worry among people weve one final update bring briefing india come col sofiya qureshi heard little earlier pakistan military say observed moving troop forward area indicating offensive intent escalate situation indian armed force remain high state operational readiness tell briefing hostile action effectively countered responded appropriately indian armed force reiterate commitment nonescalation provided reciprocated pakistan military pakistan commented whether moving troop closer border india indian air force wing commander vyomika singh foreign secretary vikram misri deny pakistani strike caused damage military infrastructure india pakistan also attempted execute continued malicious misinformation campaign claim destruction indian system adampur destruction airfield surat sirsa brahmos space nagrota artillery gun position derangyari chandigarh ammunition depot heavy damage military station propagated social medium singh say adding india unequivocally reject false claim spread pakistan india carried swift calibrated response force spokesperson hearing wing commander vyomika singh indian air force say pakistan carried aggressive action employing multiple threat vector around india western border say pakistan used plethora weapon including drone longrange weapon target civil area military infrastructure pakistan military also targeted air intuition using drone firing heavycalibre weapon along line control next india foreign secretary vikram misri tell gathered said numerous earlier occasion pakistani action constituted provocation escalation response india defended reacted responsible measured fashion provocation escalation pakistani side earlier morning saw repeat escalatory provocative pattern hearing col sofiya qureshi indian army start briefing accusing pakistan using highspeed missile target indian airbases come hour pakistan accused india targeting three military airbases missile strike wait hear indian government official here another update indianadministered kashmir additional deputy commissioner raj kumar thapa rajouri town died due shelling pakistan chief minister omar abdullah say devastating news rajouri lost dedicated officer jammu kashmir administration service abdullah say post x today residence officer hit pak pakistani shelling targeted rajouri town killing additional district development commissioner sh shri raj kumar thappa ive word express shock sadness terrible loss life government official told bbc least two people civilian killed jammu city indianadministered kashmir due hear india foreign defence ministry shortly hour pakistan military said launching retaliatory strike india decision came pakistan claim india struck three airbases claim india commented well bring live update youll able watch news conference get going tap watch live button top page u secretary state marco rubio spoken pakistani army chief asim munir india foreign minister subrahmanyam jaishankar handout say rubio urged side find way deescalate situation rubio offered u assistance starting constructive talk order avoid future conflict call munir talking jaishankar called side reduce tension indian army say pakistan blatant escalation using drone strike munition continues along india western border one attempt approximately local time friday gmt army go multiple enemy armed drone spotted flying khasa cantonment amritsar city punjab state india hostile drone instantly engaged destroyed air defence unit army say statement x pakistan blatant attempt violate india sovereignty endanger civilian unacceptable indian thwart enemy design report explosion coming several place along line control de facto border india pakistan kashmir since early hour saturday bbc reporter heard explosion indianadministered kashmir srinagar jammu city source explosion identified local medium also reported hearing sound explosion udhampur indianadministered kashmir pathankot punjab place indian defence installation pakistan claim targeted earlier pakistan claimed india fired missile airbases rawalpindi km pakistan capital islamabad chakwal shorkot india yet comment claim image released early saturday show smoke billowing jammu indianadministered kashmir anbarasan ethirajan south asia regional editor moment would wanted see happening subcontinent nucleararmed india pakistan firing missile dangerous one ongoing military escalation country pakistani military say destroyed indian airbase airfield missile storage unit india true thats massive provocation islamabad said response india missile strike including one close capital islamabad confirmation yet indian side pakistan version event day drone warfare two country appear fallen unknown rather troubling territory scale intensity current skirmish worst three decade nature damage suffered side determine next course action capital international community must worried point passion running high side anybodys guess far escalation ratcheted azadeh moshiri pakistan correspondent reporting islamabad eye eye pakistan responds statement pakistan military discusses called operation bunyanun marsoos army claim counteroffensive ongoing spokesman saying targeting air base india launched missile field supply depot battery site artillery gun position brigade headquarters claimed hit pakistan prime minister shehbaz sharif called meeting national command authority window deescalation appears shrink body responsible pakistan nuclear asset pakistan army making series claim including destroyed india defence system also say launched cyberattack hacked india top website including ruling bjp party bbc independently verify claim india yet comment bjps website however opening india aamir peerzada reporting srinagar indianadministered kashmir eyewitness living near srinagar airport tell earlier heard sounded like jet flying close airport followed explosion time first occurrence second said explosion happened second jet passed another eyewitness also near airport told around local gmt sound jet followed explosion saw flare smoke shortly reported strike around local time gmt pakistan claim indian hit three airbases pakistan airport authority closed country airspace traffic midday local time last moment airport authority india announced closing airport across north west country morning may copyright bbc bbc responsible content external site read approach external linking
https://www.bbc.com/news/articles/c2e3d888p44o,long greeting crowd balcony overlooking st peter square thursday evening pope leo xiv returned santuffizio palace living last two month met jubilant group staff former colleague eager shake hand congratulate young girl handed bible bless sign course though try new signature pope leo said smile old one use anymore stopped robert francis prevost hour elected pope took name leo xiv new life began yearold chicagoborn cardinal detail pope leo looking run catholic church still scarce next day week every small clue attire choice accommodation examined scrutiny began soon stepped balcony giving crowd glimpse vestment chose first appearance gold cross around neck caught evening light seen first sign departing simplicity predecessor simple silver pendant embroidered stole red mozzetta cemented impression fact homily delivered cardinal sistine chapel friday morning scripted rather improvised also sent signal leo closely aligned tradition francis said austen ivereigh catholic writer commentator several event next day week give pope leo chance sketch priority pontificate monday due hold audience medium may celebrate solemn inaugural mass st peter square part mass deliver homily presence numerous head state dignitary inaugural homily pope francis asked position responsibility economic political social life protector creation god plan one another environment moment might also provide clue matter dearest pope leo heart new pope choice accommodation significant francis made choice choosing live simple casa santa marta guesthouse seen revolutionary leo may well decide follow footstep virtually predecessor reside grand apostolic palace elected less day ago let give time decide vatican source quoted italian medium said important choice ivereigh added next day well learning first week pontificate constant revelation meanwhile absence detail future leo xiv fragment pope old life robert prevost emerging around world case especially native chicago adopted homeland peru became citizen one photo presented large handmade birthday card written spanish surrounded cake balloon video recorded left peru rome say would miss joy peru staple local cuisine like ceviche met triumph south american social medium user pope peruvian god love peru peruvian president dina boluarte said american tourist ambling st peter square day election restrained bit frazzled news new pope u im still surprised chose american honest said chicagoan kerry rome honeymoon admitted didnt yet know much new pope pleased rumour fan white sox baseball team asked thought pope leo felt today laughed must really overwhelmed bet didnt sleep wink husband joseph agreed youre elected pope come cardinal conclave thing never go back way said felt like new pope seemed man confidence prayer humility pray show world man god newlywed posed picture day newspaper wandered st peter square resplendent spring sunshine retired bishop michael campbell remembers day future pontiff visited lancaster pope leo xiv supported predecessor focus turn whether continues church reform born windy city parent spanish francoitalian descent prevost served altar boy ordained anna rowlands say pontiff slightly overwhelmed serenity also intensified roman catholic bishop salford welcome election first pope united state copyright bbc right reserved bbc responsible content external site read approach external linking
https://www.bbc.com/news/articles/c9vg8k4zxk9o,eurovision song contest pop cork sunday turquoise carpet parade featuring competitor nation competition really begin tuesday first semifinal see five country unceremoniously kicked another six lose place second semifinal thursday grand final take place basel switzerland saturday may year entrant include two returning contestant one professional opera singer thinly veiled allusion sexual emission dance anthem dead space dog lot take help prepare here guide song contest ive sorted rough musical category mainly sanity didnt work win lose uk contestant remember monday given headline writer gift title entry hell happened soupedup full throttle pop anthem cherrypicks best bit queen andrew lloyd webber beatles presumably remind voter britain rich musical heritage eight tempo change could prove tricky voter grasp band stellar harmony sparkling personality carry crucially song avoids eurovision cliche jackhammer dance anthem windswept balladry something remember monday common year favourite sweating top swedish representative kaj whose song bara bada bastu ode restorative power sauna complete dancer skimpy towel unreasonably catchy approval abbas bjorn ulvaeus whose singing track private sauna stiff competition come austrian singer jj operatic ballad wasted love timeworn story unrequited love lean training countertenor exploding unexpected techno breakdown favourite bookie song achilles heel similarity last year winner nemo distinctive different way ireland entry laika party trancepop anthem dog sent space russia left die singer emmy aim hopeful spin tragic story despite peppy performance bit downer palatable luxembourg laura thorn whose la poupe monte le son callback france gall winning entry poupe de cire poupe de son original fashion doll operated songwriter serge gainsbourg thorn response taking control think man like manipulate go back mum scold yeouch rome must blushing year feature one two song vibrant culture il bel paese first come surprisingly san marino independent microstate nestle inside northcentral italy titled tutta litalia celebrates everything county football team vineyard mona lisa italian name gioconda written gabry ponte one brain behind eiffel blue da ba dee slight fun mixture dance beat traditional accordion playing folk dance calabria staging could downfall though gabry marooned behind dj deck singer reason wish remain anonymous obscure face mask memorable definitely unhinged estonia espresso macchiato performed tommy cash eurovision contestant appeared charli xcx record affectionateish caricature italian stereotype featuring indelible lyric life like spaghetti hard make im trying give sexual innuendo eurovision making har difficult trio artist trying sneak smut past censor led malta miriana conte throbbing club track called serving original form song chorus revolved around phrase serving kant word kant maltese singing homophone english term definitely doesnt mean singing reference wellknown phrase drag ballroom world several country complained broke broadcasting guideline prompting hasty rewrite stunt meant generate headline worked miriana attention shes letting go performance featuring giant disco ball pursed two red lip gloriously ott enviable set pipe bad song riddled europop cliche another contestant doubling entendres australia gojo want u take sip milkshake special cup interpret want id wary hitching lift ice cream van smattering electric six saucy disco funk milkshake man tasty enough get australia back final achieving semi last year finally finland erika vikman whose song ich komme billed joyous message pleasure ecstasy state trance structured mimic pneumatic reality lovemaking recall iconic gay anthem kylie disco need donna summer hot stuff end erika shooting sky astride massive gold microphone thats definitely standin phallus little life devastating phrase im afraid cancer disease affect one two u although survival rate dramatically improved impact devastating year three separate eurovision contestant touched cancer inspiring song unmatched heartbreak reflection french singer louane capture best song maman intimate conversation mother died year old three verse louane describes emptiness felt filled void bad behaviour meaningless love affair song progress tell mum shes settled found purpose becoming mother sings beautifully mixture regret strength daughter voice appears final moment song would take steely heart shed tear norway yearold kyle alessandro shared similar story mother diagnosed cancer autumn thankfully shes remission something said treatment inspired eurovision entry never lose light kyle took phrase turned thumping pop song surviving adversity nothing burn sings im lighter klemen slakonja meanwhile comedian best known slovenia impression donald trump vladimir putin ballad much time left written wife actress mojca fatur diagnosed bone marrow cancer sings klemens dancer raise air hold upside represent disorientation family felt read diagnosis world turned upside felt rush blood head one feel whenever upside performance told eurovision world defying odds mojca survived join stage eurovision deeply intimate moving moment listening year lineup like contestant heard cascadas evacuate dancefloor went nah good thanks club banger everywhere belgium red sebastian named crab little mermaid bless submitting entire song lovedup liberation allnight rave word needed feel connection clock never tick love ending favourite fan rave element strobe light feel little dated meticulouslychoreographed performance treat denmark sissal take similar sound throwback eurobop called hallucination effortlessly evokes twotime eurovision winner loreen sissal said biggest goal audience feel couldnt sit song mission accomplished germany meanwhile pitching home run baller supercatchy trance anthem wouldnt sound place berlin superclub berghain performed austrian sibling abor tynna languishing middle field tynna developed laryngitis robbing duo chance impress fan eurovisions various preparties shes recovered song could rise ranking thats less likely vb aka icelandic jedward energetic dancerap song ro rowing iceland faroe island matter happens life keep rowing wave sadly deep sound spanish star melody fare better esa diva pumping house track sprinkling flamenco guitar document journey fame azerbaijan mamagama go maroon run u smooth pop song elevated twinkling riff saz longnecked plucked instrument similar lute ok ive stolen description shkodra elektronike theyre albanian duo living italy fuse ethnic music hometown shkodr progressive electronic sound song zjerm fire imago time crosscultural understanding would lead peace harmony world without need soldier ambulance oil would smell like lilac neither greece entry asteromta also rooted history memory klavdia describes unbreakable bond refugee share homeland even cross sea shall never forget sacred earth called home sings haunting ballad blend traditional greek pontic element soaring string taking upbeat approach dutch singer claude refugee bloody civil war democratic republic congo moved netherlands age nine fell love eurovision waiting refugee centre song cest la vie tribute mum taught see positive situation fizzing freedom joy combine element chanson frenchcaribbean zouk look set top placing success goth gremlin witch bambie thug last year eurovision conjured veritable coven imitator polish singer justyna steczkowska representing country second time even includes slavic magic spell song gaja summoning spirit mother earth cleanse toxic relationship suitably intense performance justyna singing long sustained note playing furious violin solo hoiked rafter pair rope time alive marko bonjak meanwhile cooking poison cake feed tormentor chiefly people bombarded homophobic hate message selected represent croatia criticism intense lost voice couldnt leave house five day song suitably melodramatic replete guttural synths creepy playground chant little overbaked still sail final taking ethereal approach latvian group tautumeitas whose song bur man laimi translates chant happiness reminiscent bjork enya overlapping folk harmony based traditional latvian wedding song making one year captivating entry fear may subtle score well though mystery provided theo evan cyprus answer nick jonas lyric song shh riddle written former tennis player elke tiel whose hidden truth revealed eurovision stage may open performance perched two piece scaffolding recreation leonardo da vincis famous vitruvian man sketch there clue shh one number gothic pop song sung brooding young men interesting hair among best kiss kiss goodbye czechias adonxs divebombs angelic falsetto unsettling baritone confronts absent father lithuanian band katarsis interesting experiment deliberately downbeat rock song declares foundation everything begun rot titled tavo akys eye build compelling climax hard see votewinner unless eurovision suddenly attracts audience depressed emo teen rounding field armenian singer parg imagine dragonsinspired survivor serbia princ whose overwrought ballad called mila performer give song dont feel strong enough survive semifinal four year mneskins victory eurovisions rock revival continues apace italy back thanks lucio corsi think david bowie pierrot glam rock ballad volevo essere un duro wanted tough delicate anthem people feel dont fit recall lucio bullied kid he grown embrace fragility one point sings instead star im sneeze timeless bit songwriting pull crucial eurovision trick sounding new familiar portuguese indie band napa also vibe channelling paul mccartney wing soft rock tearjerker deslocado place another song migration written band forced relocate madeira portuguese mainland due economic crisis even though weve year always desire go back anguish saying goodbye family said singer guilherme gomes last least ukraine ziferblat continue country astonishing run highquality entry midst war russia song bird pray unexpected mix new wave band car birdsong guitar riff rachel stevens sweet dream la ex lyric full hope peaceful reunion loved one better make sound would eurovision without ravenhaired woman bellowing wind machine set hurricane israel strong form category set bar new day rise melancholy piano ballad sung mixture english french hebrew song performed yuval raphael yearold narrowly escaped life nova music festival attack hamas claimed life people triggered israel ongoing offensive gaza hard interpret lyric response event everyone cry dont cry alone result participation hasnt received level criticism eden golan represented israel last year cant said georgia contestant mariam shengelia booed preeurovision appearance alleged support country authoritarian prorussian antilgbt ruling party georgian dream shengelia denied accusation pointing song stirring quasimilitaristic ballad called freedom freedom choice freedom love freedom live want live amount manufactured hate change told eurovision fan site wiwibloggs montenegro nina ii tackle domestic abuse dobrodoli brooding refined orchestral ballad singer previously entered eurovision cyborg pop oddity igranka delivers lyric passion sincerity somehow song never quite take last least defending champion switzerland represented yearold zo describes little fairy appropriately enough selfpenned song voyage delicate fairy wing fluttering softspoken plea treat kindness automatically qualifying final welcome oasis calm amidst steamy sauna session moody goth haircut thrusting innuendo thats eurovision human life see basel contest hosted ebu begin may basel switzerland final may among artist appealing sir keir starmer saying creative industry threatened one controversial entry eurovision song contest espresso macchiato estonia tommy cash mock italian stereotype call ban mcfly star harry judd say seeing crowd chanting joel name cool trading standard warning fan bbc find scammer operating hour presale copyright bbc right reserved bbc responsible content external site read approach external linking
https://www.bbc.com/news/articles/c4g2j45d5zeo,earlier year deborah grushkin enthusiastic online shopper new jersey freaked u president donald trump signed order stop allowing package china worth less enter country free import tax custom procedure move backed traditional retailer discussed washington year amid explosion package slipping u limit many country including uk considering similar measure spurred part rapid ascent shein temu u trump decision end carveout ordering blitz new trade tariff including import tax least good china delivered onetwo punch left business shopper reeling usbased ecommerce brand set around system warning change could spark failure smaller firm shopper like deborah brace price hike shortage may deadline bearing yearold last month rushed worth item shein including sticker tshirts sweatshirt mother day gift tube liquid eyeliner felt like maybe last sort hurrah say use rule known de minimis allow lowvalue package avoid tariff custom inspection regulatory requirement surged last decade takeup accelerated trump first term office raised tariff many chinese good shipment represented consumer import less decade earlier last year nearly billion package entered country using exemption million day advocate carveout include shipping firm say system streamlined trade leading lower price option customer favour change group includes lawmaker party say business abusing rule intended ease gift family friend rise made easier slip product illegal counterfeit violate safety standard rule country trump recently called de minimis scam brushing concern higher cost maybe child two doll instead doll said however poll suggest concern economic policy rising change start hit home krystal dufrene retired yearold mississippi relies disability payment income say nervously checking price temu week recently cancelling order curtain seeing price triple though eventually found item original price platform u warehouse network say cost husband fishing net doubled dont know pay tariff except customer say everywhere selling cheap stuff china actually prefer able order directly rule around de minimis changed last week temu said would stop selling good imported china u directly customer platform sale would handled locally based seller order fulfilled within u even without latest tariff economist pablo fajgelbaum amit khandelwal estimated ending de minimis would lead least bn new cost found would disproportionately borne lower income minority household kind feel like end era say gee davis yearold author missouri used temu recent house move buy small item electric opener kitchen cabinet organiser say relief able easily afford extra new rule felt like money grab government benefit big entrenched american retailer like amazon walmart sell similar product bigger markup dont think right fair little treat restricted people richer would real bummer everyone certain household income threshold longer able afford anything trump policy change question remain significance shift president already forced suspend policy package began piling border lori wallach director rethink trade support ending de minimis consumer safety reason say end exemption significant paper fear administration taking step weaken implementation point recent custom notice said product affected many new tariff could enter country informal process move eas regulatory requirement practically stuff come though informal entry going extremely hard collect tariff able inspect really much change happened say custom border protection deny move undermine enforcement noting firm still required supply information business indicated taking change seriously shein temu last month warned customer price would rise temu say rapidly expanding network usbased seller warehouse protect low price business group say many smaller less highprofile american brand manufacture abroad u customer struggling may survive tariff werent place would like taking little bit bitter medicine say alex beller board member ecommerce innovation alliance business lobby group cofounder postscript work thousand smaller business text messaging marketing paired tariff especially brand manufacture china becomes insurmountable shift letter government last month men clothing company indochino known custom suit madetoorder china warned ending de minimis posed significant threat viability business midsize american firm like steven borelli chief executive athleisure clothing firm cut manufacture outside u shipping product warehouse mexico package mailed customer u firm pushing reduce reliance china halting order country month ago still say considering price increase job cut say business room manoeuvre since caters higher income customer expects thousand brand die without change situation want time say speed everything happening fast business adjust white house actively looking suspending legal right challenge detention pope leo xiv expressed support immigrant criticism jd vance donald trump supporter arent happy newark mayor ra baraka among democratic official seeking enter facility arrest followed white house crackdown classified antisemitism u campus economic pressure forcing donald trump xi jinping seek offramp trade war copyright bbc right reserved bbc responsible content external site read approach external linking
